"0","apps<-as.data.frame(fread(""data/apps.tsv""))"
"0","users<-as.data.frame(fread(""data/users.tsv""))"
"2","Found and resolved improper quoting out-of-sample. First healed line 56388: <<1098865	1	Train	Murfreesboro	TN	US	37127	High School	""o"" levels		3	21	Yes	No	0>>. If the fields are not quoted (e.g. field separator does not appear within any field), try quote="""" to avoid this warning."
"0","user_history<-as.data.frame(fread(""data/user_history.tsv""))"
"2","Found and resolved improper quoting out-of-sample. First healed line 36981: <<172998	1	Train	3	""DRUG METABOLISM"" Databases and High-Throughput Testing During Drug Design and Development>>. If the fields are not quoted (e.g. field separator does not appear within any field), try quote="""" to avoid this warning."
"0","window_dates<-as.data.frame(fread(""data/window_dates.tsv""))"
"0","jobs <-untar(""tsv.tar.gz"",files=""data/jobs.tsv"")"
"2","cannot open file 'tsv.tar.gz': No such file or directory"
"2","Error in file(con, ""rb"") : cannot open the connection
"
