"0","library(data.table)"
"0","data<-as.data.frame(fread(""data/job-recommendation/jobs.tsv""))"
"2","|--------------------------------------------------|
|"
"2","="
"2","="
"2","="
"2","="
"2","="
"2","="
"2","="
"2","="
"2","="
"2","="
"2","="
"2","="
"2","="
"2","="
"2","="
"2","="
"2","="
"2","="
"2","="
"2","="
"2","="
"2","="
"2","="
"2","="
"2","="
"2","="
"2","="
"2","="
"2","="
"2","="
"2","="
"2","="
"2","="
"2","="
"2","="
"2","="
"2","="
"2","="
"2","="
"2","="
"2","="
"2","="
"2","="
"2","="
"2","="
"2","="
"2","="
"2","="
"2","="
"2","="
"2","|
"
"2","Found and resolved improper quoting out-of-sample. First healed line 1550: <<6301	1	""I manage myselfRESIDENTIAL SALES ACCOUNT EXECUTIVES“My	""I manage myself\r\n\r\nRESIDENTIAL SALES ACCOUNT EXECUTIVES\r\n\r\n“My career selling Optimum products is diverse and fast-paced...one of the best parts about it is that as long as I meet my goals, I have the chance to adjust my schedule to better fit my lifestyle...it's like running your own business with the big advantage of having the best company in the industry behind you.\r\n\r\n“ If you are energetic, self motivated and>>. If the fields are not quoted (e.g. field separator does not appear within any field), try quote="""" to avoid this warning."
